title,company,location,link
[AI/Lab] AI 백엔드 엔지니어 (마케팅 분야),버즈니,서울,https://kr.indeed.com/viewjob?jk=1d2b22a2bcd3256f
Field AI Engineer,Graphcore,서울,https://kr.indeed.com/viewjob?jk=9e1861e691426a98
Machine Learning Researcher (Intern),Qualcomm Korea YH,서울,https://kr.indeed.com/viewjob?jk=0f7993638aee82bd
Quantitative Researcher,자산운용: Quantitative Research,서울,https://kr.indeed.com/viewjob?jk=7453bfdc26273cd9
데이터 분석가/사이언티스트(신입/인턴 가능),쏘카,대한민국,https://kr.indeed.com/viewjob?jk=55584c627df1acaa
Applied Data Scientist,dunnhumby,서울,https://kr.indeed.com/viewjob?jk=f10a132f53b6307d
(주)신세계아이앤씨 경력사원 상시,신세계아이앤씨,서울 중구,https://kr.indeed.com/viewjob?jk=b5b88516a299bbb2
[개발자] 꿈 찾아드립니다. 저희와 함께하세요.,ICON,서울,https://kr.indeed.com/viewjob?jk=7e94b666d8fbe2d0
"[Search] 파파고 머신러닝(자연어처리, 컴퓨터비전) 엔지니어 신입/경력",네이버,서울,https://kr.indeed.com/viewjob?jk=e9d6c53d8915adf6
데이터 분야 경력,LG CNS,서울,https://kr.indeed.com/viewjob?jk=010d38b18b07b6bb
2021 토스 전 계열사 대규모,비바리퍼블리카,서울 강남구,https://kr.indeed.com/viewjob?jk=39e99c8ed1d40a8f
홈플랫폼추진단 경력사원,LG유플러스,서울,https://kr.indeed.com/viewjob?jk=b6a63d1fa841d4ce
엔지니어,키사이트테크놀로지스,서울,https://kr.indeed.com/viewjob?jk=f0ebe714bb940da2
Data Scientist,Boston Consulting Group,서울,https://kr.indeed.com/viewjob?jk=ce6747e77c861c46
[상시 ] Data Scientist (대리급/과-차장급/정규직),라이나생명보험,서울 종로구,https://kr.indeed.com/viewjob?jk=e9ac1a8708b8e784
Data Engineer(신입),PUBG,서울,https://kr.indeed.com/viewjob?jk=210243e0776dc26f
반도체 디자인 검증 엔지니어,10년 연혁의 팹리스기업,서울 강남구,https://kr.indeed.com/viewjob?jk=3f8d4bf382f3ec64
Data Analyst,IQVIA,서울,https://kr.indeed.com/viewjob?jk=2c4c5856662783e7
글로벌 소셜카지노 부문 사업PM,네오위즈,대한민국,https://kr.indeed.com/viewjob?jk=4665562997b87ff0
[Search] Knowledge Base Applications (신입),네이버,서울,https://kr.indeed.com/viewjob?jk=23dfc13905f7fcc0
카카오 데이터의 가치를 발굴할 데이터 분석가 모집,카카오,성남 판교역,https://kr.indeed.com/viewjob?jk=2b2dcd3ffe3d53df
Customer Engineer,Microsoft,서울,https://kr.indeed.com/viewjob?jk=7d4bc2a107c6669b
"Sr.Manager, Growth Marketing Analyst",Coupang,서울,https://kr.indeed.com/viewjob?jk=f9b0c122c5ea9b9e
Principal Solutions Integration Developer,Nuance,서울,https://kr.indeed.com/viewjob?jk=0fb5acdbc8a15af9
Machine Learning Research - Speech Recognition,Qualcomm Korea YH,서울,https://kr.indeed.com/viewjob?jk=19b7736d5aa3f7e5
Data Scientist,Toss,서울 강남구,https://kr.indeed.com/viewjob?jk=7af6301dc691d3ab
에너지경제연구원 위촉연구원(에너지통계연구팀),에너지경제연구원,울산광역시,https://kr.indeed.com/viewjob?jk=4042ba406253da29
국내 메이저 건설사 건설업 로보틱스/자율주행 전문 개발 포지션 ASAP,국내 메이저 건설사 건설업 로보틱스/자율주행 전문 개발 포지션 ASAP,서울 종로구,https://kr.indeed.com/viewjob?jk=99fff6b8c3d20d8b
Solutions Architect II,Amazon Web Services Korea LLC,서울,https://kr.indeed.com/viewjob?jk=16bd25f1d38cb69c
NAVER IDC 서버 운영/관리(가산),NIT Service,서울 가산동,https://kr.indeed.com/viewjob?jk=70fccff4d30cb6bf
[취업연계 무료교육] 차세대 스마트공장 현장 엔지니어 전문가 양성과정 수강생,한국산업기술협회,서울 금천구,https://kr.indeed.com/viewjob?jk=5c88acd09f153fc3
사물인터넷(IoT) 개발자 (하드웨어 및 소프트웨어),큐빅스,경기도 파주,https://kr.indeed.com/viewjob?jk=a4ade495ab488c6f
"데이터 가치를 함께 발굴하실 머신러닝, 통계 모델링 전문가 모집",카카오,성남 판교역,https://kr.indeed.com/viewjob?jk=d1e75364ef505c68
위시켓과 함께할 서버개발자님,위시켓,서울 강남구,https://kr.indeed.com/viewjob?jk=a3a65a4d59061430
2020년 각 부문 신입/경력,더이앤엠,서울,https://kr.indeed.com/viewjob?jk=ef17560d7d3fb8f3
연구소 개발부문 연구원 직원 (회로설계/하드웨어설계/머신비전/이미지프로세싱),모든,경기도 광명,https://kr.indeed.com/viewjob?jk=793d3bdf17f3593f
Developers,Coinplug,경기도 성남,https://kr.indeed.com/viewjob?jk=9a9e91ae6092ed2d
데이터 엔지니어(신입/경력),쏘카,대한민국,https://kr.indeed.com/viewjob?jk=05aa5498d84c58e1
[Search] 글로벌 검색 서비스 개발,네이버,서울,https://kr.indeed.com/viewjob?jk=22192c4556d52108
1월 입사 - 근무 : 종각역 - S/W개발 정규직,제스웨어,서울 종로구,https://kr.indeed.com/viewjob?jk=0a8de9d8ee100dc8
전문연구요원 (병역특례) 수시 (AI / HW 분야),딥엑스,성남 분당구,https://kr.indeed.com/viewjob?jk=78e99625e5de3c95
[전문연구요원] ML/DL 연구원 및 SW 개발자,뷰노코리아,서울 서초구,https://kr.indeed.com/viewjob?jk=73f619e964a56a10
"데이터분석(데이터 전처리, 데이터 분석)",유비케어,서울 구로구,https://kr.indeed.com/viewjob?jk=00004a9af14c8a78
검색&추천 소프트웨어 엔지니어,myrealtrip,서울,https://kr.indeed.com/viewjob?jk=71675db885a52e67
데이터 사이언티스트 모집,카카오,성남 판교역,https://kr.indeed.com/viewjob?jk=0064deb5fa9cbce0
[AI R&D] 플랫폼 개발 엔지니어 모집,엔씨소프트,성남 판교역,https://kr.indeed.com/viewjob?jk=52d863eb7e90b1af
시니어 Full-stack 개발자 (프로덕트 리드),주식회사 바운티팜,서울 서초구,https://kr.indeed.com/viewjob?jk=2adbb2c74623a112
머신러닝 AI 기반 스타트업 CTO,에이치알 코리아,대한민국,https://kr.indeed.com/viewjob?jk=80bfd36fdd55afa7
데이터 분석/처리 플랫폼 개발,NHN,성남 판교역,https://kr.indeed.com/viewjob?jk=46975ee759c13b8a
추천 시스템 연구/개발,카카오,성남 판교역,https://kr.indeed.com/viewjob?jk=be6c1f03fa566f8e
"Technical Solutions Engineer, Wear OS (English, Korean)",Google,서울,https://kr.indeed.com/viewjob?jk=b966810974ac84da
DATA ENGINEER,Cobblestone Energy,서울,https://kr.indeed.com/viewjob?jk=ed3cb0c04f6d8345
Credit Risk 모델러,Toss,서울 강남구,https://kr.indeed.com/viewjob?jk=ad3dfd853ea7ef40
메시지발송 플랫폼 개발자,Nexon,성남 분당구,https://kr.indeed.com/viewjob?jk=eaee1538d8cc832f
지스트 블록체인인터넷경제연구센터 계약직(연구원),광주과학기술원,광주 북구,https://kr.indeed.com/viewjob?jk=cd2ef993ee5c8d3f
머신러닝 개발,Nexon,성남 분당구,https://kr.indeed.com/viewjob?jk=a1d687cd59776360
[AI R&D] 데이터 엔지니어 모집,엔씨소프트,성남 판교역,https://kr.indeed.com/viewjob?jk=11fa90db108dc242
Business Data Analyst,Soomgo,서울 강남구,https://kr.indeed.com/viewjob?jk=166aa0c72e94a266
백엔드 개발자,RippleAI,서울 관악구,https://kr.indeed.com/viewjob?jk=3715424cbfe0e064
Junior Full-Stack Developer,Asiance,서울,https://kr.indeed.com/viewjob?jk=7268328c0d71d81c
백엔드 개발자,뉴트리션코트,서울 강남구,https://kr.indeed.com/viewjob?jk=d621cbb75440764e
Support Engineer _ Developer Support,Microsoft,서울,https://kr.indeed.com/viewjob?jk=7449dd28faebd96c
클라우드 오퍼레이션 엔지니어,NHN SOFT,성남 판교역,https://kr.indeed.com/viewjob?jk=8bcc7807085700a7
[공통기술부문] DBA,우아한 형제들,서울 송파구,https://kr.indeed.com/viewjob?jk=611a08c9fbbafbc4
Principal Business Analyst (Retail Program Management),Coupang,서울,https://kr.indeed.com/viewjob?jk=009995c23a8dfc72
데이터 분석,아프리카TV,경기도 성남,https://kr.indeed.com/viewjob?jk=7fdcd7a7457b1e93
DW Engineer,Toss,서울 강남구,https://kr.indeed.com/viewjob?jk=f437c9ee0ea596a9
DGIST 제2차 계약직 연구원 채용공고,대구경북과학기술원,대구 현풍면,https://kr.indeed.com/viewjob?jk=2cfd15907402c5cc
Infra / Blockchain Node Engineer 인프라/블록체인 노드 엔지니어,Peer,서울 강남구,https://kr.indeed.com/viewjob?jk=2cde101f75a4f495
고등광기술연구소 전문연구요원,광주과학기술원,광주 북구,https://kr.indeed.com/viewjob?jk=7c19ff88836f8869
Software Development Engineer,Mentor Graphics (Korea) LLC,경기도 성남,https://kr.indeed.com/viewjob?jk=914578ba5310e818
[취업연계교육]전액무료 IT교육받고 취업하자,휴먼교육센터,청주 흥덕구,https://kr.indeed.com/viewjob?jk=ce3e13c2bc8da256
eBeam System Engineer for R&D Extension Korea,Applied Materials Inc.,경기도 화성,https://kr.indeed.com/viewjob?jk=25a21ebfa5410f05
[웹젠] 게임보안(경력),웹젠,성남 분당구,https://kr.indeed.com/viewjob?jk=4ec7c9f47a7bae7f
Cloud Infrastructure Architect,Amazon Web Services Korea LLC,서울,https://kr.indeed.com/viewjob?jk=ef4177020eb0c996
